source,status,beetles,scores,outputs
testing\Carabidae\AI.Carabidae_CYM_3864_T3i_w0m_30Apr2022_B4_Ventral_JC.jpg,ok,1,0.88,AI.Carabidae_CYM_3864_T3i_w0m_30Apr2022_B4_Ventral_JC
testing\Chrysomelidae\AI.Chrysomelidae_BRJ.1425.T4e.mct.5Apr2022.18h40_Beetle1DorsalStacked_CL.jpg,ok,1,0.76,AI.Chrysomelidae_BRJ.1425.T4e.mct.5Apr2022.18h40_Beetle1DorsalStacked_CL
testing\Other\AI.Coccinellidae_BRJ.1668.T1e.mub.1Apr2022.9h35_Beetle1DorsalStacked_CL.jpg,ok,1,0.73,AI.Coccinellidae_BRJ.1668.T1e.mub.1Apr2022.9h35_Beetle1DorsalStacked_CL
testing\Staphylinidae\AI.Staphylinidae_BRJ.2311.T3i.f50m90%.30Mar2022_StackedBatch_15Beetle_CL.jpg,ok,15,0.67;0.69;0.69;0.68;0.67;0.71;0.69;0.66;0.67;0.73;0.66;0.67;0.72;0.66;0.66,AI.Staphylinidae_BRJ.2311.T3i.f50m90%.30Mar2022_StackedBatch_15Beetle_CL_beetle01;AI.Staphylinidae_BRJ.2311.T3i.f50m90%.30Mar2022_StackedBatch_15Beetle_CL_beetle02;AI.Staphylinidae_BRJ.2311.T3i.f50m90%.30Mar2022_StackedBatch_15Beetle_CL_beetle03;AI.Staphylinidae_BRJ.2311.T3i.f50m90%.30Mar2022_StackedBatch_15Beetle_CL_beetle04;AI.Staphylinidae_BRJ.2311.T3i.f50m90%.30Mar2022_StackedBatch_15Beetle_CL_beetle05;AI.Staphylinidae_BRJ.2311.T3i.f50m90%.30Mar2022_StackedBatch_15Beetle_CL_beetle06;AI.Staphylinidae_BRJ.2311.T3i.f50m90%.30Mar2022_StackedBatch_15Beetle_CL_beetle07;AI.Staphylinidae_BRJ.2311.T3i.f50m90%.30Mar2022_StackedBatch_15Beetle_CL_beetle08;AI.Staphylinidae_BRJ.2311.T3i.f50m90%.30Mar2022_StackedBatch_15Beetle_CL_beetle09;AI.Staphylinidae_BRJ.2311.T3i.f50m90%.30Mar2022_StackedBatch_15Beetle_CL_beetle10;AI.Staphylinidae_BRJ.2311.T3i.f50m90%.30Mar2022_StackedBatch_15Beetle_CL_beetle11;AI.Staphylinidae_BRJ.2311.T3i.f50m90%.30Mar2022_StackedBatch_15Beetle_CL_beetle12;AI.Staphylinidae_BRJ.2311.T3i.f50m90%.30Mar2022_StackedBatch_15Beetle_CL_beetle13;AI.Staphylinidae_BRJ.2311.T3i.f50m90%.30Mar2022_StackedBatch_15Beetle_CL_beetle14;AI.Staphylinidae_BRJ.2311.T3i.f50m90%.30Mar2022_StackedBatch_15Beetle_CL_beetle15
training\Carabidae\AI.Carabidae_BRJ_1425_T4e_mub_5Apr2022_18h40_Ventral_JC.jpg,ok,1,0.85,AI.Carabidae_BRJ_1425_T4e_mub_5Apr2022_18h40_Ventral_JC
training\Carabidae\AI.Carabidae_BRJ_1668_T1e_w0m_31Mar2022_B2_Lateral_JC.jpg,ok,1,0.85,AI.Carabidae_BRJ_1668_T1e_w0m_31Mar2022_B2_Lateral_JC
training\Carabidae\AI.Carabidae_CYM_0270_T2i_w25m_28Apr2022_B2_Ventral_JC.jpg,ok,1,0.71,AI.Carabidae_CYM_0270_T2i_w25m_28Apr2022_B2_Ventral_JC
training\Carabidae\AI.Carabidae_CYM_5227_T3e_w50m_30Apr2022_B2Ventral_JC.jpg,ok,1,0.84,AI.Carabidae_CYM_5227_T3e_w50m_30Apr2022_B2Ventral_JC
training\Chrysomelidae\AI.Chrysomelidae.KTM_211_RK.jpg,ok,1,0.74,AI.Chrysomelidae.KTM_211_RK
training\Chrysomelidae\AI.Chrysomelidae_BRJ.2311.T3i.mcb.31Mar2022.7h10_Beetle1DorsalStacked_CL.jpg,ok,1,0.79,AI.Chrysomelidae_BRJ.2311.T3i.mcb.31Mar2022.7h10_Beetle1DorsalStacked_CL
training\Chrysomelidae\AI.Chrysomelidae_BRJ.6171.T2e.mcb.4Apr2022.18h30_Batch_2BeetleVentralStacked_CL.jpg,ok,2,0.80;0.79,AI.Chrysomelidae_BRJ.6171.T2e.mcb.4Apr2022.18h30_Batch_2BeetleVentralStacked_CL_beetle01;AI.Chrysomelidae_BRJ.6171.T2e.mcb.4Apr2022.18h30_Batch_2BeetleVentralStacked_CL_beetle02
training\Chrysomelidae\AI.Chrysomelidae_YSN.5336.T1i.mut.14Apr2022.18h05_Beetle2DorsalStacked_CL.jpg,ok,1,0.74,AI.Chrysomelidae_YSN.5336.T1i.mut.14Apr2022.18h05_Beetle2DorsalStacked_CL
training\Other\AI.Buprestidae.KTM_821_RK.jpg,ok,1,0.86,AI.Buprestidae.KTM_821_RK
training\Other\AI.Cantharidae_BRJ.2311.T3i.mcb.31Mar2022.16h35_Beetle1DorsalStacked_CL.jpg,ok,1,0.86,AI.Cantharidae_BRJ.2311.T3i.mcb.31Mar2022.16h35_Beetle1DorsalStacked_CL
training\Other\AI.Cerambycidae_BGL.2444.T4e.mcb.2Jun2022.17h35_Beetle1Phone.PhotoDorsal2_CL.jpg,ok,1,0.77,AI.Cerambycidae_BGL.2444.T4e.mcb.2Jun2022.17h35_Beetle1Phone.PhotoDorsal2_CL
training\Other\AI.Monommidae_CYM.1339.T4e.w0m.1May2022_Batch_2BeetleVentralStacked_CL.jpg,ok,2,0.75;0.67,AI.Monommidae_CYM.1339.T4e.w0m.1May2022_Batch_2BeetleVentralStacked_CL_beetle01;AI.Monommidae_CYM.1339.T4e.w0m.1May2022_Batch_2BeetleVentralStacked_CL_beetle02
training\Staphylinidae\AI.Staphylinidae_BRJ.1425.T4e.f50m50%.4Apr2022_Beetle1Ventral_CL.jpg,ok,1,0.72,AI.Staphylinidae_BRJ.1425.T4e.f50m50%.4Apr2022_Beetle1Ventral_CL
training\Staphylinidae\AI.Staphylinidae_BRJ.1425.T4e.mut.5Apr2022.8h50_Beetle1Ventral_CL.jpg,ok,1,0.86,AI.Staphylinidae_BRJ.1425.T4e.mut.5Apr2022.8h50_Beetle1Ventral_CL
training\Staphylinidae\AI.Staphylinidae_BRJ.6171.T2e.w25m.3Apr2022_Beetle2VentralStacked_CL.jpg,ok,1,0.84,AI.Staphylinidae_BRJ.6171.T2e.w25m.3Apr2022_Beetle2VentralStacked_CL
training\Staphylinidae\AI.Staphylinidae_BRJ.6609.T2i.mcb.5Apr2022.9h00_Batch_2BeetlesDorsal_CL.jpg,ok,2,0.79;0.79,AI.Staphylinidae_BRJ.6609.T2i.mcb.5Apr2022.9h00_Batch_2BeetlesDorsal_CL_beetle01;AI.Staphylinidae_BRJ.6609.T2i.mcb.5Apr2022.9h00_Batch_2BeetlesDorsal_CL_beetle02
